Date,Time,Latitude,Longitude,Type,Depth,Depth Error,Depth Seismic Stations,Magnitude,Magnitude Type,Magnitude Error,Magnitude Seismic Stations,Azimuthal Gap,Horizontal Distance,Horizontal Error,Root Mean Square,ID,Source,Location Source,Magnitude Source,Status
2005-01-01,01:55:28,2.91,95.623,Earthquake,24.5,,129.0,5.7,MWB,,,59.9,,,0.79,USP000DCB7,US,US,US,Reviewed
2005-01-01,04:03:11,5.465,94.398,Earthquake,36.0,,355.0,5.7,MWB,,,58.7,,,0.88,USP000DCBA,US,US,US,Reviewed
2005-01-01,06:25:45,5.099,92.304,Earthquake,11.7,,364.0,6.7,MWC,,,62.1,,,0.97,USP000DCBH,US,US,HRV,Reviewed
2005-01-01,14:29:11,8.115,93.218,Earthquake,27.0,14.5,142.0,5.5,MWC,,,52.5,,,0.96,USP000DCC6,US,US,HRV,Reviewed
2005-01-01,19:08:08,7.336,94.455,Earthquake,55.4,10.4,279.0,6.1,MWB,,,56.1,,,0.96,USP000DCCN,US,US,US,Reviewed
2005-01-01,22:28:14,7.192,92.765,Earthquake,10.0,0.0,195.0,5.5,MWB,,,58.2,,,0.98,USP000DCCU,US,US,US,Reviewed
2005-01-02,08:27:42,3.242,95.462,Earthquake,8.4,,188.0,5.9,MWB,,,59.9,,,0.88,USP000DCDW,US,US,US,Reviewed
2005-01-02,15:35:57,6.36,92.787,Earthquake,30.0,,343.0,6.4,MWC,,,52.8,,,1.04,USP000DCEG,US,US,HRV,Reviewed
2005-01-03,17:59:29,-50.659,161.866,Earthquake,10.0,,133.0,6.1,MWB,,,49.4,,,1.0,USP000DCG9,US,US,US,Reviewed
2005-01-04,09:13:12,10.672,92.362,Earthquake,23.2,,321.0,6.1,MWB,,,46.4,,,0.84,USP000DCHH,US,US,US,Reviewed
2005-01-04,19:14:49,10.556,91.727,Earthquake,10.0,0.0,204.0,5.7,MWB,,,45.6,,,0.88,USP000DCJA,US,US,US,Reviewed
2005-01-05,05:32:39,3.527,93.655,Earthquake,30.0,,136.0,5.5,MWB,,,69.2,,,0.88,USP000DCK5,US,US,US,Reviewed
2005-01-05,14:54:05,5.489,94.392,Earthquake,48.8,,335.0,5.9,MWC,,,55.1,,,0.84,USP000DCM0,US,US,HRV,Reviewed
2005-01-06,00:02:21,19.573,-109.111,Earthquake,10.0,,152.0,5.7,MWB,,,143.4,,,1.0,USP000DCME,US,US,US,Reviewed
2005-01-06,00:04:10,19.638,-109.108,Earthquake,10.0,,56.0,5.5,MWC,,,210.1,,,0.96,USP000DCMF,US,US,HRV,Reviewed
2005-01-06,00:11:17,5.604,93.249,Earthquake,30.0,,200.0,5.5,MWB,,,56.3,,,0.79,USP000DCMH,US,US,US,Reviewed
2005-01-06,00:56:30,5.323,94.835,Earthquake,49.5,5.8,427.0,5.7,MWC,,,28.8,,,0.72,USP000DCMQ,US,US,HRV,Reviewed
2005-01-06,01:04:22,1.414,125.768,Earthquake,35.0,,21.0,5.5,MWC,,,100.3,,,0.98,USP000DCMR,US,US,HRV,Reviewed
2005-01-06,03:28:51,-52.57,27.612,Earthquake,10.0,,55.0,5.6,MWC,,,45.9,,,1.28,USP000DCMY,US,US,HRV,Reviewed
2005-01-06,11:55:44,10.906,91.795,Earthquake,10.5,16.6,139.0,5.5,MWC,,,45.1,,,0.83,USP000DCNK,US,US,HRV,Reviewed
2005-01-08,18:45:04,-55.299,-27.956,Earthquake,10.0,,90.0,6.0,MWB,,,32.3,,,1.04,USP000DCTY,US,US,US,Reviewed
2005-01-09,22:12:57,4.926,95.108,Earthquake,40.0,,505.0,6.1,MWB,,,36.9,,,0.91,USP000DCXU,US,US,US,Reviewed
2005-01-09,23:20:37,10.528,92.282,Earthquake,22.5,,55.0,5.5,MWC,,,96.8,,,0.75,USP000DCY1,US,US,HRV,Reviewed
2005-01-10,23:48:50,37.017,27.804,Earthquake,15.9,,344.0,5.5,MWC,,,23.2,,,,USP000DD0H,US,ISK,HRV,Reviewed
2005-01-12,08:40:04,-0.878,-21.194,Earthquake,10.0,,462.0,6.8,MWB,,,46.5,,,0.97,USP000DD5A,US,US,US,Reviewed
2005-01-13,00:07:22,6.041,126.297,Earthquake,45.3,,67.0,5.5,MWC,,,68.7,,,1.07,USP000DD6Y,US,US,HRV,Reviewed
2005-01-14,08:33:14,-4.238,152.717,Earthquake,10.0,,222.0,6.1,MWB,,,17.4,,,0.99,USP000DDAA,US,US,US,Reviewed
2005-01-14,21:38:17,3.135,93.922,Earthquake,22.0,14.1,192.0,5.6,MWB,,,52.8,,,0.83,USP000DDBJ,US,US,US,Reviewed
2005-01-15,07:46:53,14.57,92.387,Earthquake,25.7,,174.0,5.5,MWB,,,36.9,,,0.89,USP000DDCK,US,US,US,Reviewed
2005-01-15,13:47:05,-6.462,105.236,Earthquake,58.7,4.9,199.0,6.0,MWC,,,32.6,,,1.05,USP000DDCZ,US,US,HRV,Reviewed
2005-01-16,08:25:04,-25.528,-176.299,Earthquake,16.0,,339.0,6.2,MWB,,,21.0,,,0.91,USP000DDF0,US,US,US,Reviewed
2005-01-16,20:17:53,10.934,140.842,Earthquake,24.9,11.7,395.0,6.6,MWB,,,16.5,,,0.93,USP000DDGF,US,US,US,Reviewed
2005-01-17,10:50:33,10.986,140.682,Earthquake,12.0,,253.0,6.1,MWB,,,32.3,,,0.96,USP000DDK6,US,US,US,Reviewed
2005-01-18,06:59:04,57.049,-33.811,Earthquake,10.0,,349.0,5.7,MWB,,,24.1,,,1.11,USP000DDNQ,US,US,US,Reviewed
2005-01-18,14:09:06,42.946,144.866,Earthquake,42.0,,561.0,6.3,MWB,,,55.8,,,0.76,USP000DDPX,US,US,US,Reviewed
2005-01-18,21:20:32,-22.905,179.037,Earthquake,588.9,,167.0,5.8,MWC,,,25.2,,,1.01,USP000DDQK,US,US,HRV,Reviewed
2005-01-19,06:11:36,34.064,141.491,Earthquake,27.8,,225.0,6.6,MWC,,,78.5,,,1.2,USP000DDRK,US,US,HRV,Reviewed
2005-01-21,12:45:32,34.021,141.553,Earthquake,10.0,,201.0,5.7,MWB,,,110.7,,,1.07,USP000DDXS,US,US,US,Reviewed
2005-01-21,13:45:14,-1.134,-80.829,Earthquake,10.0,,149.0,6.0,MWB,,,41.5,,,1.11,USP000DDXX,US,US,US,Reviewed
2005-01-21,17:54:35,5.186,125.245,Earthquake,175.4,,180.0,5.9,MWB,,,42.5,,,1.05,USP000DDYD,US,US,US,Reviewed
2005-01-21,17:58:56,34.003,141.367,Earthquake,10.0,,171.0,5.8,MWB,,,69.4,,,0.86,USP000DDYF,US,US,US,Reviewed
2005-01-21,20:49:00,-32.78,-178.762,Earthquake,10.0,,56.0,5.5,MWC,,,57.1,,,1.15,USP000DDYU,US,US,HRV,Reviewed
2005-01-22,11:27:43,-31.61,-177.929,Earthquake,23.5,24.5,97.0,5.7,MWB,,,57.0,,,1.07,USP000DE0D,US,US,US,Reviewed
2005-01-22,18:38:14,14.554,92.938,Earthquake,30.0,,152.0,5.5,MWB,,,55.4,,,1.04,USP000DE14,US,US,US,Reviewed
2005-01-22,20:30:17,-7.727,159.475,Earthquake,29.0,,355.0,6.4,MWB,,,22.4,,,0.96,USP000DE1D,US,US,US,Reviewed
2005-01-23,01:03:55,-5.849,151.582,Earthquake,25.2,,110.0,5.5,MWC,,,37.7,,,0.97,USP000DE1U,US,US,HRV,Reviewed
2005-01-23,03:32:27,-13.882,66.191,Earthquake,10.0,,108.0,5.5,MWB,,,56.3,,,1.37,USP000DE25,US,US,US,Reviewed
2005-01-23,20:10:12,-1.198,119.933,Earthquake,11.0,,139.0,6.3,MWC,,,31.0,,,1.24,USP000DE4M,US,US,HRV,Reviewed
2005-01-23,22:36:06,35.796,29.641,Earthquake,10.0,,524.0,5.8,MWB,,,47.7,,,1.34,USP000DE4Y,US,US,US,Reviewed
2005-01-24,04:16:47,7.33,92.482,Earthquake,30.0,,557.0,6.3,MWB,,,32.1,,,0.89,USP000DE5V,US,US,US,Reviewed
2005-01-24,06:11:52,-2.332,-80.646,Earthquake,28.5,,124.0,5.6,MWC,,,48.7,,,0.9,USP000DE60,US,US,HRV,Reviewed
2005-01-24,23:23:26,-1.364,-80.785,Earthquake,16.9,14.5,309.0,6.1,MWB,,,29.6,,,1.19,USP000DE8S,US,US,US,Reviewed
2005-01-24,23:26:50,-1.398,-80.91,Earthquake,10.0,,220.0,5.8,MWC,,,47.5,,,1.0,USP000DE8U,US,US,HRV,Reviewed
2005-01-25,16:44:16,37.622,43.703,Earthquake,41.2,4.2,333.0,5.9,MWC,,,57.3,,,1.14,USP000DEBC,US,US,HRV,Reviewed
2005-01-26,17:30:29,8.25,94.038,Earthquake,23.3,,223.0,5.6,MWC,,,53.8,,,1.09,USP000DEEJ,US,US,HRV,Reviewed
2005-01-26,17:49:57,-6.764,129.568,Earthquake,33.9,,195.0,5.6,MWC,,,34.9,,,1.1,USP000DEEN,US,US,HRV,Reviewed
2005-01-26,22:00:43,2.699,94.602,Earthquake,22.2,,230.0,6.2,MWB,,,38.7,,,1.21,USP000DEFG,US,US,US,Reviewed
2005-01-26,22:46:59,8.018,94.063,Earthquake,23.3,14.9,159.0,5.5,MWC,,,54.2,,,1.01,USP000DEFT,US,US,HRV,Reviewed
2005-01-27,06:56:59,7.944,94.059,Earthquake,38.1,9.3,224.0,5.7,MWB,,,54.4,,,0.99,USP000DEHW,US,US,US,Reviewed
2005-01-27,08:19:08,7.91,94.03,Earthquake,30.0,,154.0,5.5,MWC,,,54.4,,,1.0,USP000DEJD,US,US,HRV,Reviewed
2005-01-27,08:42:17,7.951,94.268,Earthquake,30.0,,117.0,5.5,MWC,,,35.2,,,0.96,USP000DEJK,US,US,HRV,Reviewed
2005-01-27,11:47:38,8.015,94.002,Earthquake,37.7,9.1,169.0,5.5,MWC,,,66.4,,,1.04,USP000DEKN,US,US,HRV,Reviewed
2005-01-27,13:57:06,7.994,94.155,Earthquake,30.0,,128.0,5.5,MWC,,,59.3,,,0.93,USP000DEMS,US,US,HRV,Reviewed
2005-01-27,16:58:51,7.877,94.093,Earthquake,30.0,,178.0,5.9,MWB,,,59.2,,,1.0,USP000DEP7,US,US,US,Reviewed
2005-01-27,18:52:39,7.858,94.107,Earthquake,30.0,,153.0,5.6,MWC,,,35.0,,,0.89,USP000DEPV,US,US,HRV,Reviewed
2005-01-27,20:09:52,5.511,94.306,Earthquake,30.0,,251.0,5.5,MWC,,,63.8,,,0.73,USP000DEQA,US,US,HRV,Reviewed
2005-01-28,06:10:27,7.9,93.993,Earthquake,16.0,,216.0,5.5,MWC,,,54.3,,,0.84,USP000DEV6,US,US,HRV,Reviewed
2005-01-28,06:13:28,7.907,94.033,Earthquake,43.8,10.4,178.0,5.7,MWB,,,54.4,,,0.76,USP000DEV7,US,US,US,Reviewed
2005-01-28,07:49:18,7.969,94.13,Earthquake,30.0,,180.0,5.6,MWC,,,51.5,,,1.07,USP000DEVR,US,US,HRV,Reviewed
2005-01-28,09:26:19,-1.183,-81.499,Earthquake,10.0,,166.0,6.1,MWB,,,73.3,,,0.99,USP000DEWK,US,US,US,Reviewed
2005-01-28,15:46:45,-1.089,-81.157,Earthquake,10.0,,207.0,6.2,MWB,,,45.8,,,0.98,USP000DEYJ,US,US,US,Reviewed
2005-01-28,19:18:51,7.989,94.114,Earthquake,19.6,,118.0,5.5,MWC,,,51.4,,,0.93,USP000DEZW,US,US,HRV,Reviewed
2005-01-29,06:10:44,3.325,93.7,Earthquake,29.3,,214.0,5.5,MWB,,,37.3,,,0.79,USP000DF2M,US,US,US,Reviewed
2005-01-29,06:37:47,-56.809,-141.032,Earthquake,10.0,,50.0,5.6,MWC,,,63.6,,,1.11,USP000DF2R,US,US,HRV,Reviewed
2005-01-29,20:28:23,7.909,94.386,Earthquake,30.0,,118.0,5.6,MWC,,,63.4,,,1.09,USP000DF5H,US,US,HRV,Reviewed
2005-01-29,21:01:09,-1.626,-15.516,Earthquake,10.0,,39.0,5.5,MWC,,,73.3,,,1.43,USP000DF5R,US,US,HRV,Reviewed
2005-01-30,07:06:49,-0.793,-81.065,Earthquake,28.6,,144.0,5.7,MWC,,,113.8,,,0.97,USP000DF75,US,US,HRV,Reviewed
2005-01-30,08:08:27,-24.422,-175.996,Earthquake,32.8,,174.0,5.6,MWC,,,58.5,,,0.89,USP000DF79,US,US,HRV,Reviewed
2005-01-30,08:10:44,-22.899,-175.169,Earthquake,47.9,,34.0,5.5,MWC,,,124.0,,,1.32,USP000DF7A,US,US,HRV,Reviewed
2005-01-30,15:33:14,8.117,94.056,Earthquake,18.6,,300.0,5.5,MWC,,,59.2,,,0.82,USP000DF81,US,US,HRV,Reviewed
2005-01-31,01:05:34,37.535,20.155,Earthquake,31.9,4.3,436.0,5.7,MWB,,,39.8,,,1.06,USP000DF8P,US,US,US,Reviewed
2005-01-31,13:56:38,-56.082,-27.403,Earthquake,109.3,,105.0,5.6,MWC,,,51.3,,,0.73,USP000DF9W,US,US,HRV,Reviewed
2005-02-01,10:28:40,-20.398,-175.982,Earthquake,172.5,10.8,139.0,5.5,MWC,,,79.7,,,1.09,USP000DFB8,US,US,HRV,Reviewed
2005-02-01,17:40:49,-6.498,154.532,Earthquake,63.1,16.1,47.0,5.5,MWC,,,42.9,,,1.01,USP000DFC0,US,US,HRV,Reviewed
2005-02-02,01:30:22,9.962,93.96,Earthquake,39.5,9.0,176.0,5.5,MWC,,,62.0,,,0.98,USP000DFCT,US,US,HRV,Reviewed
2005-02-02,02:30:26,14.08,144.715,Earthquake,158.7,,289.0,6.3,MWC,,,22.2,,,1.06,USP000DFCX,US,US,HRV,Reviewed
2005-02-02,06:28:37,-7.476,145.044,Earthquake,26.1,,155.0,5.6,MWB,,,39.6,,,0.82,USP000DFD0,US,US,US,Reviewed
2005-02-03,04:51:17,5.623,93.249,Earthquake,30.0,,178.0,5.5,MWC,,,58.5,,,0.89,USP000DFEB,US,US,HRV,Reviewed
2005-02-05,03:34:26,16.011,145.867,Earthquake,142.7,,322.0,6.6,MWC,,,22.8,,,1.12,USP000DFHB,US,US,HRV,Reviewed
2005-02-05,04:03:14,2.255,94.992,Earthquake,30.0,,111.0,6.0,MWC,,,90.1,,,1.03,USP000DFHE,US,US,HRV,Reviewed
2005-02-05,12:23:19,5.293,123.337,Earthquake,525.0,,640.0,7.1,MWC,,,26.4,,,1.14,USP000DFJ2,US,US,HRV,Reviewed
2005-02-05,17:35:47,8.106,94.185,Earthquake,30.0,,355.0,5.9,MWC,,,71.6,,,0.93,USP000DFJF,US,US,HRV,Reviewed
2005-02-06,01:28:48,-52.824,140.228,Earthquake,10.0,,48.0,5.6,MWC,,,55.1,,,1.19,USP000DFK7,US,US,HRV,Reviewed
2005-02-07,20:02:18,-4.525,153.187,Earthquake,36.5,7.8,381.0,6.1,MWB,,,25.6,,,1.03,USP000DFP5,US,US,US,Reviewed
2005-02-08,14:48:22,-14.252,167.259,Earthquake,206.3,,457.0,6.7,MWB,,,30.2,,,1.22,USP000DFQJ,US,US,US,Reviewed
2005-02-09,13:27:25,4.797,95.117,Earthquake,44.5,5.8,500.0,6.0,MWB,,,53.5,,,0.83,USP000DFSP,US,US,US,Reviewed
2005-02-09,18:46:10,26.088,143.997,Earthquake,24.0,,497.0,6.3,MWB,,,27.3,,,0.77,USP000DFT4,US,US,US,Reviewed
2005-02-09,20:59:52,13.686,120.791,Earthquake,102.4,,130.0,5.5,MWC,,,63.2,,,0.94,USP000DFT9,US,US,HRV,Reviewed
2005-02-10,02:32:15,5.268,-82.627,Earthquake,10.0,,255.0,5.7,MWB,,,61.1,,,1.12,USP000DFTY,US,US,US,Reviewed
2005-02-10,07:10:36,-15.111,-173.745,Earthquake,10.0,0.0,157.0,5.6,MWC,,,76.0,,,0.9,USP000DFUH,US,US,HRV,Reviewed
2005-02-10,16:53:20,-23.097,169.219,Earthquake,9.0,,402.0,6.3,MWB,,,26.1,,,0.99,USP000DFVH,US,US,US,Reviewed
2005-02-11,21:00:23,60.104,-139.343,Earthquake,15.0,,383.0,5.5,MWB,,,55.4,,,,USP000DFY0,US,AEIC,US,Reviewed
2005-02-14,17:06:53,-0.127,98.729,Earthquake,47.1,7.1,445.0,5.8,MWB,,,55.5,,,0.78,USP000DG4U,US,US,US,Reviewed
2005-02-14,18:05:59,15.775,-61.744,Earthquake,11.6,,466.0,5.8,MWB,,,22.6,,,1.12,USP000DG4X,US,US,US,Reviewed
2005-02-14,23:38:09,41.728,79.44,Earthquake,22.0,,623.0,6.1,MWC,,,23.1,,,0.91,USP000DG5H,US,US,HRV,Reviewed
2005-02-15,14:42:26,4.756,126.421,Earthquake,39.7,,286.0,6.5,MWC,,,47.3,,,0.98,USP000DG73,US,US,HRV,Reviewed
2005-02-15,19:46:36,35.982,139.686,Earthquake,46.2,,215.0,5.5,MWB,,,82.5,,,0.79,USP000DG7Q,US,US,US,Reviewed
2005-02-16,08:19:41,8.097,93.945,Earthquake,11.0,,298.0,5.9,MWB,,,51.2,,,1.06,USP000DG90,US,US,US,Reviewed
2005-02-16,20:27:52,-36.32,-16.558,Earthquake,10.0,,329.0,6.6,MWC,,,113.7,,,1.36,USP000DGAD,US,US,HRV,Reviewed
2005-02-17,01:19:17,-56.132,-27.418,Earthquake,102.7,,103.0,5.6,MWC,,,56.8,,,0.96,USP000DGB2,US,US,HRV,Reviewed
2005-02-17,05:31:28,4.702,95.156,Earthquake,47.8,,448.0,5.7,MWB,,,45.1,,,0.79,USP000DGBD,US,US,US,Reviewed
2005-02-17,06:12:16,-5.812,150.481,Earthquake,36.6,,141.0,5.5,MWC,,,27.2,,,0.93,USP000DGBF,US,US,HRV,Reviewed
2005-02-17,20:42:58,-1.768,-81.046,Earthquake,10.0,,98.0,5.5,MWC,,,44.4,,,1.24,USP000DGCX,US,US,HRV,Reviewed
2005-02-18,19:33:46,5.446,94.416,Earthquake,48.0,,459.0,5.6,MWB,,,32.8,,,0.73,USP000DGFJ,US,US,US,Reviewed
2005-02-19,00:04:44,-5.562,122.129,Earthquake,10.0,,371.0,6.5,MWB,,,31.8,,,0.92,USP000DGFV,US,US,US,Reviewed
2005-02-20,12:14:52,-4.694,153.108,Earthquake,46.6,,185.0,5.5,MWB,,,28.7,,,0.89,USP000DGK6,US,US,US,Reviewed
2005-02-22,02:25:23,30.754,56.816,Earthquake,14.0,,652.0,6.4,MWC,,,27.7,,,1.31,USP000DGPX,US,US,HRV,Reviewed
2005-02-22,03:20:07,12.582,123.177,Earthquake,17.8,,147.0,5.8,MWC,,,49.3,,,0.98,USP000DGQ2,US,US,HRV,Reviewed
2005-02-22,11:20:25,33.182,137.154,Earthquake,369.5,3.7,356.0,5.6,MWB,,,33.3,,,0.74,USP000DGR1,US,US,US,Reviewed
2005-02-22,17:12:01,10.829,91.772,Earthquake,30.0,,311.0,5.5,MWB,,,27.6,,,0.92,USP000DGRK,US,US,US,Reviewed
2005-02-22,19:15:50,25.669,-109.97,Earthquake,10.0,,160.0,5.6,MWB,,,66.0,,,1.19,USP000DGRS,US,US,US,Reviewed
2005-02-23,11:33:53,-6.245,150.66,Earthquake,10.0,,311.0,6.0,MWC,,,20.9,,,0.87,USP000DGT7,US,US,HRV,Reviewed
2005-02-23,12:12:43,-6.268,150.692,Earthquake,10.0,,67.0,5.6,MWC,,,47.7,,,1.22,USP000DGTA,US,US,HRV,Reviewed
2005-02-24,04:55:51,-20.885,-113.677,Earthquake,10.0,,239.0,5.7,MWB,,,37.0,,,0.95,USP000DGV2,US,US,US,Reviewed
2005-02-24,07:35:50,2.891,95.729,Earthquake,30.0,,186.0,5.6,MWB,,,57.7,,,0.94,USP000DGV8,US,US,US,Reviewed
2005-02-25,13:31:15,7.831,94.101,Earthquake,22.7,,241.0,5.6,MWC,,,40.9,,,0.84,USP000DGXV,US,US,HRV,Reviewed
2005-02-25,23:04:04,38.107,72.707,Earthquake,114.9,,625.0,5.7,MWB,,,20.6,,,0.79,USP000DGYX,US,US,US,Reviewed
2005-02-26,12:37:41,40.731,142.376,Earthquake,68.0,,609.0,5.7,MWB,,,34.2,,,0.76,USP000DH0H,US,US,US,Reviewed
2005-02-26,12:56:53,2.908,95.592,Earthquake,36.0,6.4,444.0,6.8,MWB,,,33.8,,,0.94,USP000DH0K,US,US,US,Reviewed
2005-02-27,04:54:51,-17.72,-178.594,Earthquake,555.9,,243.0,5.7,MWC,,,26.3,,,0.86,USP000DH2C,US,US,HRV,Reviewed
2005-02-28,01:05:59,18.764,-104.592,Earthquake,10.0,,212.0,5.6,MWC,,,93.9,,,,USP000DH4M,US,UNM,HRV,Reviewed
2005-02-28,01:24:55,-34.923,-107.865,Earthquake,10.0,,64.0,5.9,MWC,,,74.8,,,1.22,USP000DH4P,US,US,HRV,Reviewed
2005-03-01,23:57:02,-24.964,-112.124,Earthquake,10.0,,50.0,5.6,MWB,,,101.8,,,1.27,USP000DHAU,US,US,US,Reviewed
2005-03-02,10:42:12,-6.527,129.933,Earthquake,201.7,,569.0,7.1,MWB,,,18.1,,,1.16,USP000DHC1,US,US,US,Reviewed
2005-03-04,19:05:20,2.67,126.407,Earthquake,59.1,6.0,341.0,5.9,MWB,,,36.7,,,0.93,USP000DHHJ,US,US,US,Reviewed
2005-03-05,19:06:51,24.637,121.935,Earthquake,3.5,5.3,311.0,5.7,MWB,,,52.6,,,1.02,USP000DHKN,US,US,US,Reviewed
2005-03-05,19:08:02,24.722,121.918,Earthquake,10.0,,55.0,5.7,MWC,,,94.9,,,1.06,USP000DHKP,US,US,HRV,Reviewed
2005-03-06,01:39:07,-11.062,163.207,Earthquake,10.0,,133.0,5.9,MWB,,,30.2,,,1.16,USP000DHMA,US,US,US,Reviewed
2005-03-06,04:39:59,-11.045,163.045,Earthquake,10.0,,123.0,6.1,MWB,,,40.0,,,1.06,USP000DHMV,US,US,US,Reviewed
2005-03-06,05:21:43,84.948,99.391,Earthquake,10.0,,641.0,6.3,MWC,,,25.7,,,0.91,USP000DHN1,US,US,HRV,Reviewed
2005-03-06,14:59:23,-11.046,162.859,Earthquake,10.0,,60.0,5.6,MWC,,,75.9,,,1.18,USP000DHP5,US,US,HRV,Reviewed
2005-03-07,07:17:23,11.371,-85.936,Earthquake,85.3,,247.0,5.6,MWB,,,31.0,,,1.22,USP000DHQN,US,US,US,Reviewed
2005-03-10,00:28:26,85.247,92.895,Earthquake,10.0,,255.0,5.5,MWC,,,26.1,,,0.94,USP000DHWN,US,US,HRV,Reviewed
2005-03-11,18:47:37,43.085,144.674,Earthquake,54.1,,190.0,5.5,MWB,,,56.5,,,0.71,USP000DJ08,US,US,US,Reviewed
2005-03-12,07:36:12,39.44,40.978,Earthquake,11.1,5.5,458.0,5.6,MWB,,,50.2,,,1.13,USP000DJ1Q,US,US,US,Reviewed
2005-03-13,03:31:23,27.095,61.887,Earthquake,54.0,,591.0,6.0,MWB,,,26.6,,,0.9,USP000DJ38,US,US,US,Reviewed
2005-03-13,22:12:46,5.486,94.595,Earthquake,52.3,,374.0,5.5,MWB,,,67.3,,,0.78,USP000DJ51,US,US,US,Reviewed
2005-03-14,01:55:56,39.354,40.89,Earthquake,5.0,,578.0,5.8,MWC,,,24.1,,,,USP000DJ5F,US,ISK,HRV,Reviewed
2005-03-14,05:11:57,-27.737,73.826,Earthquake,10.0,,240.0,5.6,MWC,,,30.0,,,0.8,USP000DJ5X,US,US,HRV,Reviewed
2005-03-15,00:15:21,11.239,-86.067,Earthquake,30.0,,259.0,5.8,MWB,,,59.6,,,1.36,USP000DJ7V,US,US,US,Reviewed
2005-03-16,03:41:25,-24.369,179.923,Earthquake,507.1,,169.0,5.5,MWC,,,24.7,,,0.9,USP000DJA7,US,US,HRV,Reviewed
2005-03-16,16:23:02,-5.637,102.752,Earthquake,30.0,,118.0,5.5,MWC,,,48.3,,,0.94,USP000DJB1,US,US,HRV,Reviewed
2005-03-16,22:41:14,-52.364,159.579,Earthquake,10.0,,23.0,5.6,MWC,,,137.4,,,1.29,USP000DJBN,US,US,HRV,Reviewed
2005-03-17,13:37:37,15.144,-91.381,Earthquake,197.4,,538.0,6.1,MWB,,,27.9,,,0.94,USP000DJD5,US,US,US,Reviewed
2005-03-17,23:20:49,4.863,95.089,Earthquake,60.4,6.9,417.0,5.7,MWB,,,60.7,,,0.74,USP000DJE1,US,US,US,Reviewed
2005-03-19,15:02:43,-20.407,-174.337,Earthquake,18.0,,405.0,6.1,MWC,,,29.2,,,0.82,USP000DJJP,US,US,HRV,Reviewed
2005-03-19,17:34:46,-21.893,-179.547,Earthquake,598.7,,490.0,6.3,MWC,,,13.1,,,0.84,USP000DJJX,US,US,HRV,Reviewed
2005-03-20,01:53:42,33.807,130.131,Earthquake,10.0,,401.0,6.6,MWC,,,22.9,,,1.3,USP000DJKU,US,US,HRV,Reviewed
2005-03-20,17:15:04,-7.945,124.825,Earthquake,28.1,,157.0,5.8,MWB,,,40.3,,,1.04,USP000DJN0,US,US,US,Reviewed
2005-03-21,12:23:54,-24.983,-63.47,Earthquake,579.1,,650.0,6.9,MWB,,,23.4,,,0.76,USP000DJQF,US,US,US,Reviewed
2005-03-21,12:43:12,-24.725,-63.507,Earthquake,570.1,,503.0,6.4,MWC,,,21.5,,,0.74,USP000DJQG,US,US,HRV,Reviewed
2005-03-23,13:59:17,-55.475,-1.54,Earthquake,10.0,,96.0,5.8,MWB,,,37.8,,,0.88,USP000DJWC,US,US,US,Reviewed
2005-03-23,21:44:53,39.431,40.925,Earthquake,10.0,,465.0,5.7,MWB,,,56.6,,,1.13,USP000DJX3,US,US,US,Reviewed
2005-03-25,01:04:53,5.489,94.374,Earthquake,39.0,,469.0,5.8,MWC,,,34.5,,,0.73,USP000DJZZ,US,US,HRV,Reviewed
2005-03-26,15:40:35,-4.894,129.938,Earthquake,10.0,,202.0,6.1,MWB,,,29.3,,,0.86,USP000DK3V,US,US,US,Reviewed
2005-03-28,16:09:37,2.085,97.108,Earthquake,30.0,,510.0,8.6,MWW,,,22.1,,,0.91,OFFICIAL20050328160936530_30,OFFICIAL,US,OFFICIAL,Reviewed
2005-03-28,16:21:16,1.114,97.005,Earthquake,30.0,,19.0,5.8,MB,,11.0,142.7,,,0.55,USP000DK86,US,US,US,Reviewed
2005-03-28,16:38:43,1.23,97.487,Earthquake,30.0,,288.0,5.9,MB,,91.0,28.6,,,0.76,USP000DK8D,US,US,US,Reviewed
2005-03-28,16:44:30,2.087,96.503,Earthquake,30.6,,147.0,5.5,MB,,72.0,39.9,,,0.66,USP000DK8E,US,US,US,Reviewed
2005-03-28,18:30:45,0.923,97.867,Earthquake,36.1,7.9,434.0,6.1,MB,,142.0,25.9,,,0.93,USP000DK9N,US,US,US,Reviewed
2005-03-28,19:02:20,1.014,97.821,Earthquake,30.9,10.8,351.0,5.8,MB,,108.0,28.2,,,0.82,USP000DKA0,US,US,US,Reviewed
2005-03-28,23:13:01,0.172,97.043,Earthquake,38.6,,390.0,5.7,MB,,108.0,26.6,,,0.72,USP000DKCF,US,US,US,Reviewed
2005-03-28,23:37:31,2.889,96.411,Earthquake,29.2,,281.0,5.6,MB,,104.0,23.9,,,0.78,USP000DKCJ,US,US,US,Reviewed
2005-03-29,04:50:08,0.185,97.095,Earthquake,35.8,,147.0,5.5,MWC,,,26.7,,,0.86,USP000DKEK,US,US,HRV,Reviewed
2005-03-29,05:16:30,2.648,96.581,Earthquake,30.0,,332.0,5.9,MWC,,,37.6,,,0.81,USP000DKEN,US,US,HRV,Reviewed
2005-03-29,06:16:15,1.777,99.207,Earthquake,30.0,,110.0,5.5,MWC,,,42.2,,,1.12,USP000DKF1,US,US,HRV,Reviewed
2005-03-30,01:13:16,1.773,97.095,Earthquake,27.4,,266.0,5.7,MWB,,,50.2,,,0.85,USP000DKKV,US,US,US,Reviewed
2005-03-30,12:00:35,-10.246,161.315,Earthquake,79.6,,242.0,5.7,MWC,,,37.8,,,0.82,USP000DKN8,US,US,HRV,Reviewed
2005-03-30,16:19:41,2.993,95.414,Earthquake,22.0,,402.0,6.3,MWB,,,24.3,,,0.86,USP000DKP7,US,US,US,Reviewed
2005-03-30,17:29:22,2.931,95.423,Earthquake,25.2,,241.0,5.6,MWC,,,42.5,,,0.87,USP000DKPH,US,US,HRV,Reviewed
2005-03-30,17:41:57,-22.459,-179.754,Earthquake,588.7,,511.0,6.1,MWC,,,19.6,,,0.98,USP000DKPK,US,US,HRV,Reviewed
2005-03-31,01:39:06,-18.545,176.013,Earthquake,10.0,,179.0,5.9,MWC,,,65.8,,,1.0,USP000DKR2,US,US,HRV,Reviewed
2005-03-31,01:46:18,-18.448,175.99,Earthquake,10.0,,229.0,6.0,MWC,,,40.3,,,1.01,USP000DKR3,US,US,HRV,Reviewed
2005-03-31,07:23:54,1.701,97.119,Earthquake,22.0,,363.0,5.8,MWC,,,29.4,,,0.92,USP000DKS7,US,US,HRV,Reviewed
2005-04-01,20:32:37,0.323,98.109,Earthquake,29.7,,305.0,5.6,MWB,,,26.9,,,0.98,USP000DKY5,US,US,US,Reviewed
2005-04-02,12:52:37,78.607,6.098,Earthquake,10.0,,473.0,6.1,MWB,,,33.1,,,0.92,USP000DM0E,US,US,US,Reviewed
2005-04-03,00:59:21,0.368,98.319,Earthquake,30.0,,461.0,6.0,MWB,,,28.2,,,0.85,USP000DM21,US,US,US,Reviewed
2005-04-03,01:41:33,13.559,120.801,Earthquake,129.2,5.1,237.0,5.6,MWC,,,31.3,,,0.77,USP000DM23,US,US,HRV,Reviewed
2005-04-03,03:10:56,2.022,97.942,Earthquake,36.0,,626.0,6.3,MWB,,,22.7,,,0.87,USP000DM28,US,US,US,Reviewed
2005-04-04,04:33:47,1.605,97.872,Earthquake,30.0,,341.0,5.6,MWB,,,48.1,,,0.83,USP000DM6C,US,US,US,Reviewed
2005-04-06,11:20:09,-3.984,102.415,Earthquake,67.7,4.2,298.0,5.6,MWB,,,33.9,,,0.81,USP000DMDV,US,US,US,Reviewed
2005-04-07,11:46:05,0.607,97.424,Earthquake,26.4,,345.0,5.6,MWB,,,27.4,,,0.89,USP000DMGK,US,US,US,Reviewed
2005-04-07,19:43:15,2.966,126.48,Earthquake,59.7,8.3,170.0,5.9,MWB,,,28.1,,,1.03,USP000DMHQ,US,US,US,Reviewed
2005-04-07,20:04:41,30.491,83.662,Earthquake,11.0,,468.0,6.3,MWC,,,18.0,,,0.9,USP000DMHT,US,US,HRV,Reviewed
2005-04-08,01:51:39,0.679,97.38,Earthquake,30.0,,234.0,5.7,MWB,,,27.6,,,0.85,USP000DMJS,US,US,US,Reviewed
2005-04-08,05:48:38,-0.215,97.731,Earthquake,20.9,,309.0,6.1,MWB,,,25.9,,,0.93,USP000DMKA,US,US,US,Reviewed
2005-04-08,11:38:17,-23.144,169.265,Earthquake,10.0,,161.0,6.1,MWB,,,66.9,,,0.97,USP000DMMG,US,US,US,Reviewed
2005-04-09,02:08:28,-47.255,100.337,Earthquake,10.0,,29.0,5.8,MWB,,,49.6,,,1.13,USP000DMPD,US,US,US,Reviewed
2005-04-09,15:16:28,56.168,-154.524,Earthquake,14.0,,614.0,6.0,MWB,,,41.4,,,0.86,USP000DMQW,US,US,US,Reviewed
2005-04-09,15:53:53,-53.446,25.316,Earthquake,10.0,,63.0,5.7,MWC,,,40.2,,,1.09,USP000DMQZ,US,US,HRV,Reviewed
2005-04-10,10:29:11,-1.644,99.607,Earthquake,19.0,,656.0,6.7,MWC,,,21.2,,,1.02,USP000DMTX,US,US,HRV,Reviewed
2005-04-10,10:45:49,-1.606,99.618,Earthquake,30.0,,230.0,5.7,MB,,76.0,27.1,,,0.85,USP000DMU0,US,US,US,Reviewed
2005-04-10,11:14:20,-1.714,99.779,Earthquake,30.0,,478.0,6.5,MWC,,,21.2,,,0.94,USP000DMU9,US,US,HRV,Reviewed
2005-04-10,11:45:03,-1.619,99.594,Earthquake,30.0,,189.0,5.5,MB,,60.0,37.6,,,0.9,USP000DMUP,US,US,US,Reviewed
2005-04-10,11:55:31,-1.705,99.72,Earthquake,29.4,,264.0,5.8,MWC,,,27.6,,,0.77,USP000DMUU,US,US,HRV,Reviewed
2005-04-10,13:39:47,-1.63,99.641,Earthquake,23.5,,148.0,5.6,MWC,,,39.1,,,0.87,USP000DMVY,US,US,HRV,Reviewed
2005-04-10,13:54:16,-1.777,99.934,Earthquake,32.2,,176.0,5.5,MWC,,,28.3,,,0.79,USP000DMW5,US,US,HRV,Reviewed
2005-04-10,17:24:39,-1.591,99.717,Earthquake,30.0,,374.0,6.4,MWB,,,27.2,,,0.89,USP000DMXM,US,US,US,Reviewed
2005-04-10,22:22:16,35.604,140.401,Earthquake,43.0,,529.0,5.9,MWB,,,41.6,,,0.74,USP000DMZD,US,US,US,Reviewed
2005-04-11,06:11:12,2.169,96.759,Earthquake,24.0,,402.0,6.1,MWB,,,26.9,,,1.07,USP000DN0T,US,US,US,Reviewed
2005-04-11,09:04:31,2.075,96.829,Earthquake,26.6,,182.0,5.5,MWB,,,30.5,,,0.81,USP000DN14,US,US,US,Reviewed
2005-04-11,11:11:01,8.66,-103.564,Earthquake,10.0,,105.0,5.5,MWC,,,96.7,,,1.37,USP000DN1N,US,US,HRV,Reviewed
2005-04-11,12:20:06,-3.484,145.909,Earthquake,11.4,,211.0,6.6,MWC,,,26.0,,,1.07,USP000DN1W,US,US,HRV,Reviewed
2005-04-11,14:54:07,-7.293,-77.886,Earthquake,129.9,,522.0,6.0,MWC,,,48.4,,,0.74,USP000DN2A,US,US,HRV,Reviewed
2005-04-11,17:08:54,-21.975,170.612,Earthquake,68.0,,414.0,6.7,MWB,,,18.5,,,0.96,USP000DN2K,US,US,US,Reviewed
2005-04-14,11:29:53,-1.915,99.951,Earthquake,33.4,,436.0,5.7,MWC,,,30.9,,,0.86,USP000DNAZ,US,US,HRV,Reviewed
2005-04-14,22:09:30,-22.201,171.445,Earthquake,123.5,,222.0,5.6,MWB,,,65.3,,,1.0,USP000DNC3,US,US,US,Reviewed
2005-04-16,12:18:32,-54.991,-132.102,Earthquake,10.0,,43.0,5.9,MWB,,,71.6,,,1.22,USP000DNGW,US,US,US,Reviewed
2005-04-16,16:38:04,1.812,97.662,Earthquake,31.0,,413.0,6.4,MWC,,,22.6,,,0.89,USP000DNH8,US,US,HRV,Reviewed
2005-04-16,22:41:16,-17.647,-69.663,Earthquake,118.7,,393.0,5.8,MWC,,,35.6,,,0.95,USP000DNHX,US,US,HRV,Reviewed
2005-04-17,13:43:55,0.307,97.663,Earthquake,25.3,,350.0,5.5,MWB,,,26.9,,,0.88,USP000DNKF,US,US,US,Reviewed
2005-04-19,01:46:57,29.642,138.891,Earthquake,425.8,4.2,392.0,5.9,MWB,,,26.8,,,0.78,USP000DNQT,US,US,US,Reviewed
2005-04-19,21:11:28,33.637,130.179,Earthquake,18.7,,242.0,5.5,MWB,,,78.9,,,0.89,USP000DNSK,US,US,US,Reviewed
2005-04-21,09:26:00,51.306,-178.409,Earthquake,45.3,2.9,416.0,5.9,MWC,,,87.2,,,0.8,USP000DNWT,US,US,HRV,Reviewed
2005-04-24,06:40:41,-59.381,149.343,Earthquake,10.0,,46.0,5.5,MWC,,,68.3,,,0.92,USP000DP3Y,US,US,HRV,Reviewed
2005-04-25,02:32:45,-27.093,-176.53,Earthquake,32.2,,217.0,5.6,MWC,,,38.2,,,0.83,USP000DP5P,US,US,HRV,Reviewed
2005-04-25,20:18:21,0.364,97.275,Earthquake,35.9,,226.0,5.6,MWB,,,27.0,,,0.72,USP000DP7M,US,US,US,Reviewed
2005-04-26,04:05:47,19.691,-109.278,Earthquake,10.0,,181.0,5.6,MWB,,,83.8,,,1.07,USP000DP8R,US,US,US,Reviewed
2005-04-26,11:33:28,-15.302,-176.352,Earthquake,10.0,,229.0,5.6,MWC,,,52.5,,,1.01,USP000DP9Q,US,US,HRV,Reviewed
2005-04-26,18:56:30,-19.106,-176.532,Earthquake,18.1,,87.0,5.6,MWB,,,123.2,,,1.01,USP000DPAE,US,US,US,Reviewed
2005-04-28,14:07:34,2.132,96.799,Earthquake,22.0,,408.0,6.2,MWB,,,19.8,,,0.91,USP000DPEG,US,US,US,Reviewed
2005-05-03,19:11:40,-14.922,-74.623,Earthquake,31.4,,322.0,5.9,MWB,,,67.4,,,0.97,USP000DPV7,US,US,US,Reviewed
2005-05-04,08:57:01,-19.407,-173.829,Earthquake,22.8,,288.0,5.9,MWC,,,43.0,,,0.83,USP000DPWD,US,US,HRV,Reviewed
2005-05-05,13:12:49,-19.968,66.474,Earthquake,10.0,,103.0,5.5,MWB,,,43.0,,,1.01,USP000DPZ1,US,US,US,Reviewed
2005-05-05,19:12:21,5.71,-82.845,Earthquake,18.0,,190.0,6.5,MWC,,,62.4,,,1.26,USP000DPZP,US,US,HRV,Reviewed
2005-05-05,23:41:53,5.082,-82.406,Earthquake,10.0,,477.0,5.9,MWB,,,50.0,,,0.82,USP000DQ05,US,US,US,Reviewed
2005-05-08,17:07:36,20.351,-109.194,Earthquake,10.0,,246.0,5.9,MWB,,,67.9,,,1.06,USP000DQ7E,US,US,US,Reviewed
2005-05-09,08:12:46,-19.987,168.852,Earthquake,44.7,,138.0,5.5,MWC,,,28.6,,,0.97,USP000DQ93,US,US,HRV,Reviewed
2005-05-10,01:09:05,-6.226,103.139,Earthquake,17.0,,429.0,6.3,MWC,,,20.4,,,0.91,USP000DQBC,US,US,HRV,Reviewed
2005-05-12,11:15:35,-57.382,-139.231,Earthquake,10.0,,249.0,6.5,MWC,,,16.3,,,1.26,USP000DQKX,US,US,HRV,Reviewed
2005-05-12,20:52:03,-7.501,156.113,Earthquake,10.0,,180.0,5.7,MWB,,,28.4,,,1.12,USP000DQN2,US,US,US,Reviewed
2005-05-14,05:05:18,0.587,98.459,Earthquake,34.0,,695.0,6.7,MWB,,,20.9,,,1.0,USP000DQS0,US,US,US,Reviewed
2005-05-14,10:02:45,-22.696,-176.65,Earthquake,119.2,,255.0,5.7,MWB,,,54.5,,,0.76,USP000DQSN,US,US,US,Reviewed
2005-05-14,10:26:44,-45.614,96.051,Earthquake,10.0,,210.0,5.9,MWC,,,40.7,,,1.1,USP000DQSQ,US,US,HRV,Reviewed
2005-05-16,03:54:15,-32.589,-179.353,Earthquake,34.0,,660.0,6.6,MWB,,,21.6,,,1.03,USP000DQXX,US,US,US,Reviewed
2005-05-18,09:10:54,-56.413,-26.863,Earthquake,102.2,9.9,135.0,6.0,MWB,,,31.1,,,0.8,USP000DR3B,US,US,US,Reviewed
2005-05-18,10:27:06,-15.318,-173.24,Earthquake,10.0,,237.0,6.2,MWC,,,52.5,,,0.96,USP000DR3H,US,US,HRV,Reviewed
2005-05-18,11:37:30,5.593,93.271,Earthquake,9.7,12.1,434.0,5.7,MB,,141.0,34.0,,,0.96,USP000DR3K,US,US,US,Reviewed
2005-05-18,11:37:42,5.439,93.357,Earthquake,2.5,35.0,105.0,6.1,MWB,,,71.3,,,1.28,USP000DR3M,US,US,US,Reviewed
2005-05-19,01:12:30,60.018,-152.693,Earthquake,95.5,,464.0,5.5,MWB,,,31.3,,,,USP000DR4N,US,AEIC,US,Reviewed
2005-05-19,01:54:53,1.989,97.041,Earthquake,30.0,,635.0,6.9,MWC,,,26.0,,,0.92,USP000DR4T,US,US,HRV,Reviewed
2005-05-20,12:40:42,-24.529,178.84,Earthquake,565.3,,334.0,6.0,MWB,,,19.2,,,0.92,USP000DR7G,US,US,US,Reviewed
2005-05-21,05:11:35,-3.286,-80.987,Earthquake,39.5,,487.0,6.3,MWB,,,27.4,,,0.98,USP000DR94,US,US,US,Reviewed
2005-05-21,23:01:16,5.281,94.797,Earthquake,55.6,,533.0,5.6,MWB,,,28.8,,,0.79,USP000DRAJ,US,US,US,Reviewed
2005-05-26,10:08:27,5.691,93.215,Earthquake,30.0,,365.0,5.7,MWC,,,34.1,,,0.76,USP000DRKY,US,US,HRV,Reviewed
2005-05-29,03:32:31,16.207,144.923,Earthquake,10.0,,92.0,5.5,MWC,,,46.0,,,0.94,USP000DRSF,US,US,HRV,Reviewed
2005-05-29,21:44:27,-30.106,-178.012,Earthquake,18.6,,421.0,5.9,MWC,,,26.7,,,0.9,USP000DRUY,US,US,HRV,Reviewed
2005-05-31,02:04:15,31.4,131.202,Earthquake,34.2,,281.0,5.7,MWB,,,83.5,,,0.86,USP000DRXP,US,US,US,Reviewed
2005-05-31,02:29:31,5.241,94.432,Earthquake,30.0,,267.0,5.5,MWC,,,34.2,,,0.76,USP000DRXT,US,US,HRV,Reviewed
2005-05-31,09:06:55,-62.827,155.776,Earthquake,10.0,,59.0,5.7,MWC,,,34.6,,,1.2,USP000DRYB,US,US,HRV,Reviewed
2005-06-01,20:06:41,28.881,94.626,Earthquake,25.8,,362.0,5.8,MWC,,,35.9,,,0.72,USP000DS10,US,US,HRV,Reviewed
2005-06-02,02:11:15,-20.206,178.885,Earthquake,22.4,,332.0,5.6,MWC,,,21.6,,,0.89,USP000DS1F,US,US,HRV,Reviewed
2005-06-02,10:56:02,-24.221,-67.003,Earthquake,196.2,,432.0,6.1,MWB,,,48.7,,,0.88,USP000DS2D,US,US,US,Reviewed
2005-06-03,00:42:02,1.455,97.146,Earthquake,24.9,,292.0,5.8,MWB,,,28.9,,,0.86,USP000DS3H,US,US,US,Reviewed
2005-06-03,00:53:41,-18.259,-173.196,Earthquake,10.0,,122.0,5.5,MWC,,,52.3,,,0.96,USP000DS3J,US,US,HRV,Reviewed
2005-06-04,14:50:47,-6.319,146.846,Earthquake,26.0,,411.0,6.1,MWB,,,21.9,,,0.98,USP000DS6Y,US,US,US,Reviewed
2005-06-05,08:28:51,23.674,-108.366,Earthquake,10.0,,201.0,5.6,MWB,,,81.2,,,1.16,USP000DS95,US,US,US,Reviewed
2005-06-06,07:41:29,39.22,41.08,Earthquake,10.0,,290.0,5.6,MWC,,,60.2,,,,USP000DSBJ,US,CSEM,HRV,Reviewed
2005-06-07,04:22:01,-29.522,-179.122,Earthquake,318.3,4.5,298.0,5.7,MWC,,,38.7,,,0.99,USP000DSDC,US,US,HRV,Reviewed
2005-06-07,05:34:17,-62.43,-161.496,Earthquake,10.0,,34.0,5.8,MWC,,,75.9,,,1.41,USP000DSDN,US,US,HRV,Reviewed
2005-06-08,06:28:11,2.17,96.724,Earthquake,23.5,,320.0,6.1,MWB,,,26.7,,,0.81,USP000DSGP,US,US,US,Reviewed
2005-06-08,13:37:17,-35.904,-102.907,Earthquake,10.0,,89.0,5.6,MWB,,,46.4,,,1.2,USP000DSH8,US,US,US,Reviewed
2005-06-09,14:00:50,51.554,-131.125,Earthquake,10.0,,282.0,5.8,MWC,,,72.1,,,0.91,USP000DSKC,US,US,HRV,Reviewed
2005-06-10,03:50:08,51.185,179.548,Earthquake,40.9,,421.0,5.6,MWB,,,34.7,,,0.71,USP000DSMR,US,US,US,Reviewed
2005-06-10,17:42:42,1.813,97.089,Earthquake,25.0,,226.0,5.5,MWC,,,31.5,,,0.75,USP000DSP5,US,US,HRV,Reviewed
2005-06-12,02:27:48,-55.237,-123.843,Earthquake,10.0,,34.0,5.6,MWC,,,81.6,,,1.08,USP000DSS0,US,US,HRV,Reviewed
2005-06-12,04:17:13,52.789,143.867,Earthquake,10.0,,555.0,5.6,MWB,,,92.3,,,0.8,USP000DSS4,US,US,US,Reviewed
2005-06-12,19:26:25,-56.293,-27.075,Earthquake,94.1,,241.0,6.0,MWB,,,28.9,,,0.99,USP000DSTT,US,US,US,Reviewed
2005-06-13,07:02:33,2.087,126.572,Earthquake,10.0,,175.0,5.9,MWC,,,48.4,,,1.07,USP000DSUP,US,US,HRV,Reviewed
2005-06-13,19:59:53,2.741,94.169,Earthquake,18.6,21.7,189.0,5.8,MWB,,,33.8,,,1.18,USP000DSVQ,US,US,US,Reviewed
2005-06-13,22:44:34,-19.987,-69.197,Earthquake,115.6,,714.0,7.8,MWB,,,16.1,,,1.01,USP000DSW1,US,US,US,Reviewed
2005-06-14,01:22:12,-18.719,-174.715,Earthquake,144.1,7.0,485.0,5.7,MB,,82.0,29.2,,,0.85,USP000DSWS,US,US,US,Reviewed
2005-06-14,11:49:03,51.017,179.601,Earthquake,47.5,3.3,314.0,5.6,MWC,,,65.1,,,0.83,USP000DSYH,US,US,HRV,Reviewed
2005-06-14,17:10:12,51.239,179.314,Earthquake,17.0,,885.0,6.8,MWC,,,25.1,,,1.02,USP000DSZM,US,US,HRV,Reviewed
2005-06-14,22:49:18,50.979,179.433,Earthquake,27.5,,431.0,5.6,MWC,,,34.4,,,,USP000DT1G,US,AEIC,HRV,Reviewed
2005-06-15,02:50:54,41.292,-125.953,Earthquake,16.0,,420.0,7.2,MWC,,,31.4,,,1.2,USP000DT25,US,US,HRV,Reviewed
2005-06-15,10:13:59,-4.595,153.191,Earthquake,74.6,,400.0,6.2,MWB,,,22.4,,,0.92,USP000DT3U,US,US,US,Reviewed
2005-06-15,19:52:25,-44.865,-80.562,Earthquake,10.0,,132.0,6.4,MWB,,,29.2,,,1.32,USP000DT52,US,US,US,Reviewed
2005-06-17,06:21:43,40.773,-126.574,Earthquake,12.0,,659.0,6.6,MWB,,,31.4,,,1.06,USP000DT8H,US,US,US,Reviewed
2005-06-19,02:01:07,-23.949,-111.983,Earthquake,10.0,,202.0,5.7,MWB,,,35.2,,,0.95,USP000DTDF,US,US,US,Reviewed
2005-06-19,16:15:15,35.612,140.479,Earthquake,48.2,,402.0,5.7,MWB,,,41.5,,,0.72,USP000DTF6,US,US,US,Reviewed
2005-06-20,02:44:54,-26.718,-176.174,Earthquake,10.0,,199.0,5.8,MWC,,,48.5,,,1.0,USP000DTG8,US,US,HRV,Reviewed
2005-06-21,05:11:18,-19.985,-68.807,Earthquake,105.0,,264.0,5.5,MWB,,,76.8,,,0.95,USP000DTKD,US,US,US,Reviewed
2005-06-21,10:43:29,-36.155,-100.959,Earthquake,10.0,,180.0,5.8,MWB,,,41.6,,,1.16,USP000DTKT,US,US,US,Reviewed
2005-06-23,12:44:39,-29.261,-112.51,Earthquake,10.0,,129.0,5.5,MWC,,,56.0,,,0.85,USP000DTRF,US,US,HRV,Reviewed
2005-06-26,08:23:04,1.769,125.825,Earthquake,91.6,,333.0,5.7,MWB,,,37.9,,,0.87,USP000DTXV,US,US,US,Reviewed
2005-06-27,11:35:46,18.781,-107.298,Earthquake,20.0,,452.0,6.2,MWB,,,43.5,,,,USP000DU0J,US,UNM,US,Reviewed
2005-06-28,15:46:26,-26.928,-176.289,Earthquake,30.6,,181.0,5.8,MWC,,,56.4,,,0.91,USP000DU3E,US,US,HRV,Reviewed
2005-06-30,13:48:27,-10.931,162.4,Earthquake,45.3,6.6,269.0,5.6,MWC,,,26.8,,,0.88,USP000DU84,US,US,HRV,Reviewed
2005-06-30,21:26:36,8.447,-82.873,Earthquake,37.6,,355.0,5.9,MWC,,,40.7,,,1.05,USP000DU8U,US,US,HRV,Reviewed
2005-07-01,03:48:29,36.569,71.32,Earthquake,63.1,5.0,370.0,5.6,MWC,,,17.2,,,0.92,USP000DU9C,US,US,HRV,Reviewed
2005-07-01,09:36:16,31.922,139.057,Earthquake,206.4,,336.0,5.5,MWC,,,43.8,,,0.82,USP000DUA0,US,US,HRV,Reviewed
2005-07-02,02:16:44,11.245,-86.172,Earthquake,27.0,,446.0,6.6,MWC,,,21.1,,,1.12,USP000DUBJ,US,US,HRV,Reviewed
2005-07-02,04:11:04,11.407,-86.252,Earthquake,40.5,4.5,261.0,5.8,MWC,,,43.1,,,0.92,USP000DUBP,US,US,HRV,Reviewed
2005-07-04,11:36:06,-42.283,42.37,Earthquake,10.0,,149.0,6.3,MWC,,,34.3,,,1.05,USP000DUH0,US,US,HRV,Reviewed
2005-07-05,01:52:03,1.819,97.082,Earthquake,21.0,,398.0,6.7,MWC,,,22.3,,,1.0,USP000DUJC,US,US,HRV,Reviewed
2005-07-05,21:36:18,3.958,93.422,Earthquake,28.1,,142.0,5.6,MWB,,,37.0,,,0.83,USP000DUM5,US,US,US,Reviewed
2005-07-06,06:22:33,-35.79,-102.807,Earthquake,10.0,,166.0,5.9,MWC,,,47.0,,,1.13,USP000DUMU,US,US,HRV,Reviewed
2005-07-06,08:24:42,69.004,-16.637,Earthquake,10.0,0.0,288.0,5.6,MWB,,,43.5,,,0.96,USP000DUN3,US,US,US,Reviewed
2005-07-07,02:17:06,56.068,164.605,Earthquake,33.3,,341.0,5.6,MWC,,,69.9,,,0.79,USP000DUPA,US,US,HRV,Reviewed
2005-07-09,10:07:01,2.75,126.529,Earthquake,22.3,15.8,206.0,5.9,MWC,,,52.8,,,1.01,USP000DUUM,US,US,HRV,Reviewed
2005-07-09,23:37:11,33.422,140.825,Earthquake,55.2,,388.0,5.8,MWB,,,29.3,,,0.79,USP000DUVU,US,US,US,Reviewed
2005-07-09,23:59:17,-1.174,119.963,Earthquake,32.2,14.5,111.0,5.9,MWC,,,51.3,,,1.08,USP000DUVX,US,US,HRV,Reviewed
2005-07-10,04:46:31,-36.31,-97.264,Earthquake,10.0,,204.0,6.1,MWB,,,29.8,,,1.02,USP000DUW6,US,US,US,Reviewed
2005-07-11,12:01:35,-23.818,-111.68,Earthquake,10.0,,339.0,5.7,MWB,,,35.2,,,1.02,USP000DUZT,US,US,US,Reviewed
2005-07-11,14:36:10,1.274,97.226,Earthquake,23.1,,248.0,5.6,MWB,,,29.0,,,0.73,USP000DUZY,US,US,US,Reviewed
2005-07-11,16:06:25,-26.872,-176.524,Earthquake,10.0,,143.0,5.6,MWB,,,48.5,,,0.82,USP000DV05,US,US,US,Reviewed
2005-07-11,23:06:02,-27.001,-176.322,Earthquake,10.0,,228.0,6.0,MWB,,,35.0,,,0.91,USP000DV11,US,US,US,Reviewed
2005-07-12,17:07:20,-6.829,131.405,Earthquake,39.6,7.9,152.0,5.7,MWB,,,23.1,,,0.88,USP000DV2S,US,US,US,Reviewed
2005-07-13,00:29:30,10.351,92.903,Earthquake,49.6,,331.0,5.5,MWB,,,45.3,,,0.89,USP000DV38,US,US,US,Reviewed
2005-07-13,12:06:13,-17.847,-70.109,Earthquake,79.9,,372.0,5.9,MWB,,,52.5,,,0.79,USP000DV4C,US,US,US,Reviewed
2005-07-15,17:58:36,-57.301,-147.642,Earthquake,10.0,,33.0,5.7,MWC,,,89.8,,,0.97,USP000DV94,US,US,HRV,Reviewed
2005-07-18,02:06:54,-9.911,124.238,Earthquake,10.0,,129.0,5.5,MWB,,,51.1,,,1.15,USP000DVDX,US,US,US,Reviewed
2005-07-18,19:37:19,-0.157,125.148,Earthquake,18.8,15.6,190.0,5.8,MWB,,,38.1,,,1.03,USP000DVFF,US,US,US,Reviewed
2005-07-19,10:31:32,-20.381,168.911,Earthquake,39.9,,112.0,5.5,MWC,,,39.8,,,1.06,USP000DVGK,US,US,HRV,Reviewed
2005-07-23,01:04:26,-15.216,167.561,Earthquake,125.7,,290.0,5.5,MWB,,,28.6,,,0.83,USP000DVQ6,US,US,US,Reviewed
2005-07-23,07:34:57,35.498,139.982,Earthquake,61.0,,457.0,5.9,MWB,,,42.9,,,0.69,USP000DVQT,US,US,US,Reviewed
2005-07-23,08:51:44,-30.254,-178.068,Earthquake,10.0,,325.0,6.0,MWB,,,43.6,,,1.08,USP000DVR2,US,US,US,Reviewed
2005-07-23,14:40:25,36.387,70.718,Earthquake,209.1,,409.0,5.5,MWB,,,23.1,,,0.85,USP000DVRQ,US,US,US,Reviewed
2005-07-23,20:09:05,12.078,-85.971,Earthquake,167.9,,331.0,5.6,MWB,,,36.4,,,0.85,USP000DVS0,US,US,US,Reviewed
2005-07-24,15:42:06,7.92,92.19,Earthquake,16.0,,636.0,7.2,MWC,,,26.4,,,0.93,USP000DVTC,US,US,HRV,Reviewed
2005-07-25,03:26:18,8.123,91.926,Earthquake,31.3,,250.0,5.6,MWC,,,36.3,,,1.12,USP000DVV5,US,US,HRV,Reviewed
2005-07-25,16:02:08,71.111,-7.432,Earthquake,10.0,,466.0,5.5,MWB,,,40.7,,,1.03,USP000DVWR,US,US,US,Reviewed
2005-07-25,19:45:16,-56.027,-27.76,Earthquake,84.8,,86.0,5.6,MWC,,,44.7,,,0.92,USP000DVX7,US,US,HRV,Reviewed
2005-07-26,04:08:37,45.365,-112.615,Earthquake,12.9,,458.0,5.6,MWC,,,25.7,,,0.74,USP000DVXX,US,US,HRV,Reviewed
2005-07-26,12:17:14,52.871,160.105,Earthquake,27.6,,454.0,5.8,MWC,,,105.4,,,0.81,USP000DVZG,US,US,HRV,Reviewed
2005-07-26,14:11:36,-15.345,-72.962,Earthquake,110.5,,393.0,5.9,MWB,,,47.5,,,0.74,USP000DVZT,US,US,US,Reviewed
2005-07-29,05:00:30,52.906,-168.647,Earthquake,50.3,,438.0,5.6,MWB,,,48.5,,,0.93,USP000DW63,US,US,US,Reviewed
2005-07-29,20:33:40,2.857,93.558,Earthquake,32.4,,345.0,5.5,MWC,,,28.6,,,0.66,USP000DW82,US,US,HRV,Reviewed
2005-07-30,11:03:49,-61.474,154.249,Earthquake,10.0,0.0,65.0,6.0,MWC,,,34.1,,,1.35,USP000DW9Z,US,US,HRV,Reviewed
2005-07-30,15:13:20,5.177,94.476,Earthquake,38.0,,385.0,5.8,MWB,,,34.1,,,0.8,USP000DWAC,US,US,US,Reviewed
2005-08-01,04:40:37,46.995,153.911,Earthquake,16.9,,435.0,5.7,MWB,,,49.4,,,0.88,USP000DWEG,US,US,US,Reviewed
2005-08-02,08:39:52,-4.003,128.819,Earthquake,10.0,,238.0,5.6,MWC,,,33.6,,,0.76,USP000DWGF,US,US,HRV,Reviewed
2005-08-03,10:41:18,3.008,128.15,Earthquake,69.0,,275.0,5.9,MWB,,,54.6,,,0.89,USP000DWJS,US,US,US,Reviewed
2005-08-03,11:03:15,11.247,-85.541,Earthquake,14.0,,454.0,6.3,MWC,,,37.8,,,1.16,USP000DWJU,US,US,HRV,Reviewed
2005-08-04,09:26:53,-3.657,140.178,Earthquake,40.0,,194.0,5.8,MWC,,,22.2,,,0.87,USP000DWN8,US,US,HRV,Reviewed
2005-08-04,10:27:12,-26.634,-114.504,Earthquake,10.0,,287.0,5.8,MWB,,,39.0,,,1.02,USP000DWNF,US,US,US,Reviewed
2005-08-04,12:11:21,-59.768,-25.886,Earthquake,45.3,,146.0,5.6,MWB,,,79.5,,,0.89,USP000DWNV,US,US,US,Reviewed
2005-08-05,00:56:54,51.235,-178.254,Earthquake,23.3,,501.0,5.8,MWC,,,36.9,,,0.93,USP000DWQ2,US,US,HRV,Reviewed
2005-08-06,04:02:33,85.263,97.163,Earthquake,10.0,,484.0,5.5,MWC,,,21.8,,,0.85,USP000DWST,US,US,HRV,Reviewed
2005-08-06,09:56:14,-19.614,-175.85,Earthquake,205.4,,339.0,6.0,MWC,,,30.9,,,0.84,USP000DWTG,US,US,HRV,Reviewed
2005-08-06,12:40:38,11.714,125.646,Earthquake,28.9,,81.0,5.5,MWC,,,50.6,,,1.01,USP000DWTT,US,US,HRV,Reviewed
2005-08-07,02:17:46,-47.09,33.62,Earthquake,10.0,,241.0,6.2,MWC,,,22.9,,,1.19,USP000DWV4,US,US,HRV,Reviewed
2005-08-07,11:35:26,-14.449,-177.293,Earthquake,10.0,,277.0,6.0,MWB,,,61.5,,,0.95,USP000DWW3,US,US,US,Reviewed
2005-08-07,14:41:01,-14.435,-177.242,Earthquake,10.0,,159.0,5.8,MWB,,,61.4,,,1.15,USP000DWWC,US,US,US,Reviewed
2005-08-07,15:06:45,36.326,141.367,Earthquake,39.2,,364.0,5.5,MWC,,,30.8,,,0.71,USP000DWWD,US,US,HRV,Reviewed
2005-08-08,08:33:57,-3.795,140.156,Earthquake,10.0,,171.0,5.9,MWC,,,40.7,,,0.92,USP000DWXU,US,US,HRV,Reviewed
2005-08-09,05:26:18,-20.942,173.825,Earthquake,23.6,13.8,145.0,6.1,MWB,,,30.9,,,0.93,USP000DWZX,US,US,US,Reviewed
2005-08-09,11:23:00,7.738,94.13,Earthquake,19.2,,258.0,5.5,MWB,,,37.6,,,0.87,USP000DX08,US,US,US,Reviewed
2005-08-09,14:12:21,-21.097,173.874,Earthquake,35.0,,114.0,6.1,MWC,,,63.5,,,0.97,USP000DX0H,US,US,HRV,Reviewed
2005-08-11,09:08:47,-22.677,169.509,Earthquake,10.0,,143.0,6.2,MWB,,,41.4,,,1.1,USP000DX4P,US,US,US,Reviewed
2005-08-11,11:50:51,-21.899,170.282,Earthquake,10.0,,112.0,5.6,MWC,,,41.9,,,1.0,USP000DX4X,US,US,HRV,Reviewed
2005-08-13,07:36:53,20.134,145.801,Earthquake,48.6,,303.0,6.0,MWC,,,33.0,,,0.83,USP000DX89,US,US,HRV,Reviewed
2005-08-14,02:39:40,-19.78,-68.98,Earthquake,113.8,,287.0,5.8,MWB,,,40.9,,,0.82,USP000DX9Y,US,US,US,Reviewed
2005-08-15,03:15:55,-3.721,140.124,Earthquake,30.0,,79.0,5.6,MWC,,,48.4,,,1.19,USP000DXC4,US,US,HRV,Reviewed
2005-08-16,02:46:28,38.276,142.039,Earthquake,36.0,,698.0,7.2,MWC,,,19.6,,,0.95,USP000DXE2,US,US,HRV,Reviewed
2005-08-20,01:45:43,-21.145,169.982,Earthquake,90.8,,194.0,5.5,MWB,,,30.2,,,1.16,USP000DXPK,US,US,US,Reviewed
2005-08-20,05:05:26,1.331,-85.212,Earthquake,25.3,16.6,85.0,5.5,MWC,,,72.1,,,0.88,USP000DXPY,US,US,HRV,Reviewed
2005-08-21,09:49:50,-3.999,-104.025,Earthquake,10.0,,118.0,5.8,MWC,,,52.5,,,0.85,USP000DXSD,US,US,HRV,Reviewed
2005-08-24,10:14:48,38.48,143.154,Earthquake,10.0,,363.0,5.9,MWC,,,88.2,,,0.81,USP000DXYD,US,US,HRV,Reviewed
2005-08-24,10:15:28,38.564,142.987,Earthquake,10.0,,251.0,6.1,MWB,,,88.5,,,1.48,USP000DXYE,US,US,US,Reviewed
2005-08-24,17:07:46,10.078,-103.548,Earthquake,10.0,,108.0,5.7,MWB,,,92.0,,,1.27,USP000DXZ5,US,US,US,Reviewed
2005-08-25,23:09:18,-23.66,-179.977,Earthquake,530.7,,309.0,5.7,MWC,,,23.5,,,0.83,USP000DY21,US,US,HRV,Reviewed
2005-08-26,18:16:34,14.417,52.365,Earthquake,10.0,,309.0,6.2,MWB,,,41.7,,,1.4,USP000DY3W,US,US,US,Reviewed
2005-08-27,18:38:21,6.817,-82.432,Earthquake,10.0,,371.0,6.1,MWB,,,56.8,,,1.22,USP000DY5Q,US,US,US,Reviewed
2005-08-29,19:53:54,-2.35,138.219,Earthquake,30.7,11.9,110.0,5.6,MWC,,,80.7,,,0.89,USP000DY9V,US,US,HRV,Reviewed
2005-08-30,18:10:45,38.481,143.175,Earthquake,21.1,,464.0,6.1,MWB,,,29.9,,,0.85,USP000DYC1,US,US,US,Reviewed
2005-08-31,01:24:49,-59.36,-27.104,Earthquake,10.0,,88.0,5.5,MWC,,,54.0,,,1.16,USP000DYCR,US,US,HRV,Reviewed
2005-09-01,11:22:10,-24.411,179.892,Earthquake,513.2,,172.0,5.6,MWC,,,43.0,,,0.97,USP000DYGF,US,US,HRV,Reviewed
2005-09-02,08:04:05,2.451,98.923,Earthquake,147.1,,285.0,5.5,MWC,,,35.7,,,0.68,USP000DYKB,US,US,HRV,Reviewed
2005-09-02,18:35:13,10.364,138.324,Earthquake,10.0,,306.0,5.7,MWC,,,33.1,,,0.92,USP000DYM5,US,US,HRV,Reviewed
2005-09-03,12:38:22,-49.93,-8.955,Earthquake,10.0,,201.0,5.7,MWC,,,40.9,,,1.0,USP000DYPG,US,US,HRV,Reviewed
2005-09-03,20:21:25,-43.003,-82.858,Earthquake,10.0,,25.0,5.6,MWC,,,135.1,,,1.5,USP000DYQ3,US,US,HRV,Reviewed
2005-09-04,12:13:39,-17.108,-176.775,Earthquake,25.2,,143.0,5.6,MWB,,,118.6,,,0.91,USP000DYRK,US,US,US,Reviewed
2005-09-04,23:58:35,3.004,123.073,Earthquake,443.9,,303.0,6.0,MWB,,,27.2,,,0.89,USP000DYSK,US,US,US,Reviewed
2005-09-05,07:37:31,-56.41,-142.392,Earthquake,10.0,,151.0,6.2,MWB,,,30.1,,,1.33,USP000DYT8,US,US,US,Reviewed
2005-09-06,01:16:02,24.084,122.191,Earthquake,32.0,,365.0,5.8,MWC,,,50.6,,,0.85,USP000DYUS,US,US,HRV,Reviewed
2005-09-06,11:00:49,0.029,97.604,Earthquake,27.6,,208.0,5.6,MWB,,,30.3,,,0.84,USP000DYVR,US,US,US,Reviewed
2005-09-06,21:36:40,-5.902,128.713,Earthquake,314.8,,175.0,5.5,MWC,,,30.9,,,0.85,USP000DYWG,US,US,HRV,Reviewed
2005-09-08,04:10:11,0.77,126.283,Earthquake,49.2,7.2,173.0,5.7,MWC,,,54.1,,,0.91,USP000DYZ7,US,US,HRV,Reviewed
2005-09-08,12:57:49,-41.879,85.059,Earthquake,10.0,,22.0,5.5,MWB,,,66.6,,,1.22,USP000DZ09,US,US,US,Reviewed
2005-09-09,01:20:15,-55.645,-27.102,Earthquake,10.0,,105.0,5.7,MWC,,,29.3,,,0.96,USP000DZ1Q,US,US,HRV,Reviewed
2005-09-09,07:26:44,-4.539,153.474,Earthquake,90.0,,502.0,7.6,MWC,,,20.0,,,1.04,USP000DZ2J,US,US,HRV,Reviewed
2005-09-09,11:26:07,-31.68,-69.136,Earthquake,112.6,,359.0,5.8,MB,,149.0,22.6,,,0.83,USP000DZ37,US,US,US,Reviewed
2005-09-09,19:55:22,-56.038,-27.905,Earthquake,142.8,9.6,128.0,5.6,MWC,,,31.8,,,0.81,USP000DZ4C,US,US,HRV,Reviewed
2005-09-10,01:24:32,-5.15,154.076,Earthquake,96.2,,117.0,5.6,MWB,,,35.3,,,0.88,USP000DZ51,US,US,US,Reviewed
2005-09-10,16:57:47,4.862,95.044,Earthquake,41.0,,402.0,5.8,MWB,,,33.5,,,0.86,USP000DZ6R,US,US,US,Reviewed
2005-09-12,21:15:04,-17.417,-177.32,Earthquake,383.9,7.1,298.0,5.7,MWB,,,26.8,,,0.98,USP000DZBF,US,US,US,Reviewed
2005-09-13,14:32:58,8.073,91.912,Earthquake,30.0,,210.0,5.5,MWB,,,36.1,,,0.8,USP000DZCY,US,US,US,Reviewed
2005-09-16,00:31:42,-5.622,153.592,Earthquake,10.7,10.7,221.0,5.7,MWC,,,17.6,,,0.79,USP000DZH3,US,US,HRV,Reviewed
2005-09-18,06:14:01,3.918,-82.639,Earthquake,10.0,,168.0,5.6,MWB,,,80.8,,,0.99,USP000DZND,US,US,US,Reviewed
2005-09-18,07:25:59,24.561,94.781,Earthquake,84.0,,490.0,5.7,MWB,,,16.9,,,0.78,USP000DZNH,US,US,US,Reviewed
2005-09-21,02:25:08,43.892,146.145,Earthquake,103.0,,594.0,6.1,MWB,,,62.4,,,0.74,USP000DZUM,US,US,US,Reviewed
2005-09-22,00:07:21,-16.674,-172.655,Earthquake,10.0,,147.0,5.8,MWB,,,40.0,,,0.96,USP000DZWJ,US,US,US,Reviewed
2005-09-23,13:48:30,16.129,-87.473,Earthquake,23.0,,507.0,5.9,MWB,,,45.8,,,0.83,USP000E010,US,US,US,Reviewed
2005-09-24,19:24:03,12.471,40.634,Earthquake,11.8,,207.0,5.5,MWB,,,62.0,,,1.05,USP000E04M,US,US,US,Reviewed
2005-09-25,12:55:47,-17.515,167.801,Earthquake,30.0,,275.0,6.1,MWB,,,35.9,,,1.08,USP000E07F,US,US,US,Reviewed
2005-09-25,20:28:40,-17.395,167.884,Earthquake,30.0,,105.0,5.6,MWB,,,77.7,,,1.03,USP000E08P,US,US,US,Reviewed
2005-09-25,22:58:55,-17.484,167.774,Earthquake,30.0,,78.0,5.6,MWB,,,77.6,,,1.21,USP000E095,US,US,US,Reviewed
2005-09-26,01:34:32,-17.56,167.444,Earthquake,35.0,,110.0,5.6,MWC,,,69.6,,,1.35,USP000E09F,US,US,HRV,Reviewed
2005-09-26,01:55:38,-5.678,-76.398,Earthquake,115.0,,696.0,7.5,MWB,,,26.2,,,0.88,USP000E09H,US,US,US,Reviewed
2005-09-29,15:50:24,-5.437,151.84,Earthquake,25.0,,402.0,6.6,MWC,,,17.7,,,0.87,USP000E0H0,US,US,HRV,Reviewed
2005-09-29,18:23:26,-5.563,151.865,Earthquake,28.0,,312.0,6.2,MWC,,,44.5,,,1.08,USP000E0HB,US,US,HRV,Reviewed
2005-09-29,18:51:14,-5.478,151.805,Earthquake,25.0,,209.0,5.7,MWC,,,54.3,,,0.72,USP000E0HE,US,US,HRV,Reviewed
2005-09-30,23:15:20,-5.668,151.683,Earthquake,25.0,,294.0,5.8,MWB,,,24.9,,,0.77,USP000E0M1,US,US,US,Reviewed
2005-10-01,21:54:09,-23.609,-63.632,Earthquake,547.4,,417.0,5.6,MWB,,,24.2,,,0.78,USP000E0P3,US,US,US,Reviewed
2005-10-02,23:59:44,-5.595,151.651,Earthquake,30.5,,226.0,5.8,MWB,,,25.0,,,0.73,USP000E0S2,US,US,US,Reviewed
2005-10-03,22:09:24,5.509,94.368,Earthquake,32.0,,334.0,5.5,MWC,,,41.3,,,0.82,USP000E0UD,US,US,HRV,Reviewed
2005-10-05,08:46:42,5.233,95.577,Earthquake,18.3,,288.0,5.7,MWC,,,35.8,,,0.95,USP000E0X0,US,US,HRV,Reviewed
2005-10-05,10:07:22,-20.535,-174.277,Earthquake,15.0,0.0,438.0,5.9,MWB,,,29.0,,,0.88,USP000E0X4,US,US,US,Reviewed
2005-10-07,17:43:02,13.295,-89.347,Earthquake,49.7,,247.0,5.7,MWB,,,37.0,,,1.13,USP000E11S,US,US,US,Reviewed
2005-10-08,03:50:41,34.539,73.588,Earthquake,26.0,,724.0,7.6,MWC,,,21.1,,,0.9,USP000E12E,US,US,HRV,Reviewed
2005-10-08,03:57:20,34.238,73.579,Earthquake,10.0,,25.0,5.9,MB,,7.0,123.3,,,1.28,USP000E12F,US,US,US,Reviewed
2005-10-08,03:58:13,34.994,73.781,Earthquake,10.0,,8.0,5.7,MB,,3.0,184.4,,,0.57,USP000E12G,US,US,US,Reviewed
2005-10-08,03:58:36,34.353,73.477,Earthquake,10.0,,22.0,5.8,MB,,4.0,118.9,,,0.84,USP000E12H,US,US,US,Reviewed
2005-10-08,04:01:20,34.712,73.239,Earthquake,10.0,,10.0,5.6,MB,,2.0,145.6,,,1.09,USP000E12J,US,US,US,Reviewed
2005-10-08,04:02:25,34.515,73.323,Earthquake,10.0,,188.0,5.6,MB,,75.0,44.2,,,1.04,USP000E12K,US,US,US,Reviewed
2005-10-08,04:26:11,34.65,73.125,Earthquake,10.0,,355.0,5.7,MB,,177.0,30.1,,,0.89,USP000E12V,US,US,US,Reviewed
2005-10-08,04:30:44,1.957,97.853,Earthquake,30.0,,240.0,5.6,MB,,88.0,51.6,,,0.84,USP000E12Y,US,US,US,Reviewed
2005-10-08,05:26:05,34.755,73.152,Earthquake,10.0,,388.0,5.5,MB,,168.0,21.3,,,0.84,USP000E13S,US,US,US,Reviewed
2005-10-08,10:46:29,34.733,73.1,Earthquake,8.0,,471.0,6.4,MWC,,,21.4,,,0.98,USP000E166,US,US,HRV,Reviewed
2005-10-08,12:08:28,34.593,73.187,Earthquake,10.0,,307.0,5.6,MWC,,,36.3,,,1.07,USP000E16Z,US,US,HRV,Reviewed
2005-10-08,12:25:20,34.771,73.12,Earthquake,10.0,,436.0,5.7,MWC,,,36.4,,,0.94,USP000E176,US,US,HRV,Reviewed
2005-10-08,21:13:32,34.71,73.199,Earthquake,12.0,,628.0,5.7,MWB,,,21.3,,,0.88,USP000E19A,US,US,US,Reviewed
2005-10-09,08:30:01,34.67,73.182,Earthquake,7.0,,419.0,5.7,MWC,,,21.3,,,1.02,USP000E1C6,US,US,HRV,Reviewed
2005-10-10,10:55:48,-6.881,105.459,Earthquake,30.0,,95.0,5.5,MWC,,,34.0,,,1.14,USP000E1GT,US,US,HRV,Reviewed
2005-10-10,11:08:26,13.42,125.077,Earthquake,6.9,10.8,170.0,5.8,MWB,,,34.0,,,0.87,USP000E1GV,US,US,US,Reviewed
2005-10-11,15:05:40,4.82,95.098,Earthquake,30.0,,503.0,5.9,MWB,,,22.7,,,0.77,USP000E1M7,US,US,US,Reviewed
2005-10-13,22:04:10,-5.147,153.766,Earthquake,33.2,,195.0,5.7,MWB,,,28.7,,,0.99,USP000E1S1,US,US,US,Reviewed
2005-10-14,03:36:46,-23.713,-176.024,Earthquake,33.9,18.4,151.0,5.5,MWC,,,76.3,,,0.71,USP000E1ST,US,US,HRV,Reviewed
2005-10-14,08:27:36,-34.659,179.434,Earthquake,204.1,,116.0,5.7,MWB,,,63.9,,,1.23,USP000E1TE,US,US,US,Reviewed
2005-10-15,10:06:17,46.816,154.113,Earthquake,42.8,,604.0,6.1,MWC,,,20.1,,,0.82,USP000E1WE,US,US,HRV,Reviewed
2005-10-15,15:51:08,25.309,123.351,Earthquake,192.0,,774.0,6.4,MWB,,,22.4,,,0.88,USP000E1WR,US,US,US,Reviewed
2005-10-16,19:03:24,2.026,97.941,Earthquake,38.0,,354.0,5.7,MWB,,,37.2,,,0.77,USP000E1YY,US,US,US,Reviewed
2005-10-17,05:45:16,38.131,26.505,Earthquake,8.1,,439.0,5.5,MWC,,,17.1,,,,USP000E1ZY,US,ISK,HRV,Reviewed
2005-10-17,07:12:43,-49.518,164.189,Earthquake,10.0,,193.0,5.7,MWC,,,34.7,,,1.15,USP000E204,US,US,HRV,Reviewed
2005-10-17,09:46:54,38.2,26.5,Earthquake,10.4,,558.0,5.8,MWB,,,15.6,,,,USP000E20E,US,ISK,US,Reviewed
2005-10-17,19:23:02,-17.775,-69.486,Earthquake,123.0,,404.0,5.7,MWB,,,40.0,,,0.85,USP000E22F,US,US,US,Reviewed
2005-10-17,21:59:23,11.677,-85.85,Earthquake,162.3,,289.0,5.7,MWB,,,38.8,,,1.13,USP000E22Z,US,US,US,Reviewed
2005-10-18,15:26:00,37.622,20.918,Earthquake,14.3,,521.0,5.7,MWC,,,39.8,,,1.13,USP000E25A,US,US,HRV,Reviewed
2005-10-19,02:33:28,34.751,73.037,Earthquake,5.0,,432.0,5.6,MWC,,,21.0,,,0.98,USP000E271,US,US,HRV,Reviewed
2005-10-19,11:44:43,36.405,140.839,Earthquake,32.0,,527.0,6.3,MWB,,,21.4,,,0.8,USP000E287,US,US,US,Reviewed
2005-10-20,15:26:32,52.206,-169.04,Earthquake,35.4,,363.0,5.6,MWC,,,52.8,,,0.9,USP000E2AY,US,US,HRV,Reviewed
2005-10-20,21:40:04,38.152,26.751,Earthquake,10.0,,494.0,5.9,MWB,,,19.0,,,0.93,USP000E2BQ,US,US,US,Reviewed
2005-10-22,12:16:36,-5.824,129.996,Earthquake,15.0,0.0,85.0,5.7,MWB,,,40.0,,,1.13,USP000E2HK,US,US,US,Reviewed
2005-10-22,13:12:48,37.148,140.931,Earthquake,53.2,,377.0,5.5,MWC,,,45.4,,,0.73,USP000E2HQ,US,US,HRV,Reviewed
2005-10-23,04:49:16,-21.798,-68.422,Earthquake,117.0,,243.0,5.5,MWC,,,47.2,,,0.89,USP000E2KN,US,US,HRV,Reviewed
2005-10-23,10:08:15,37.377,134.556,Earthquake,380.7,,534.0,5.9,MWB,,,20.3,,,0.76,USP000E2M7,US,US,US,Reviewed
2005-10-23,15:04:21,34.854,73.042,Earthquake,10.0,,520.0,5.5,MWC,,,17.1,,,0.88,USP000E2MV,US,US,HRV,Reviewed
2005-10-25,19:40:43,-7.154,145.976,Earthquake,175.4,,253.0,5.9,MWB,,,18.0,,,0.73,USP000E2UY,US,US,US,Reviewed
2005-10-29,04:05:56,-45.214,96.898,Earthquake,8.0,,416.0,6.5,MWC,,,11.9,,,0.83,USP000E329,US,US,HRV,Reviewed
2005-10-29,06:38:58,-8.555,-79.837,Earthquake,31.5,,206.0,5.5,MWC,,,85.2,,,0.79,USP000E32J,US,US,HRV,Reviewed
2005-10-30,13:08:19,-16.527,-172.776,Earthquake,10.0,,165.0,5.7,MWB,,,48.0,,,0.93,USP000E359,US,US,US,Reviewed
2005-11-01,21:13:32,-3.592,127.325,Earthquake,12.7,,196.0,5.7,MWB,,,38.2,,,0.9,USP000E3AE,US,US,US,Reviewed
2005-11-02,03:09:18,-30.39,-178.169,Earthquake,36.0,,275.0,5.7,MWB,,,36.4,,,0.86,USP000E3B7,US,US,US,Reviewed
2005-11-04,12:25:03,-35.652,53.373,Earthquake,10.0,,71.0,5.6,MWC,,,55.0,,,1.04,USP000E3G1,US,US,HRV,Reviewed
2005-11-04,17:44:48,1.226,97.269,Earthquake,30.0,,198.0,5.5,MWB,,,37.1,,,0.73,USP000E3GG,US,US,US,Reviewed
2005-11-05,10:48:21,-3.149,148.143,Earthquake,25.0,0.0,147.0,6.4,MWC,,,31.5,,,1.31,USP000E3J8,US,US,HRV,Reviewed
2005-11-07,22:11:02,-56.079,-27.35,Earthquake,113.6,,113.0,5.5,MWB,,,42.0,,,1.05,USP000E3Q3,US,US,US,Reviewed
2005-11-08,10:01:46,-6.9,155.01,Earthquake,48.2,,62.0,5.5,MWC,,,56.1,,,1.0,USP000E3RP,US,US,HRV,Reviewed
2005-11-09,06:11:40,-18.029,172.924,Earthquake,10.0,,55.0,5.5,MWC,,,93.9,,,1.16,USP000E3TS,US,US,HRV,Reviewed
2005-11-09,11:33:13,-1.024,-76.943,Earthquake,248.3,,492.0,5.9,MWB,,,19.3,,,0.84,USP000E3U8,US,US,US,Reviewed
2005-11-10,09:23:21,-10.513,161.037,Earthquake,68.5,,110.0,5.5,MWC,,,56.2,,,0.85,USP000E3VW,US,US,HRV,Reviewed
2005-11-10,19:29:54,57.47,120.586,Earthquake,6.0,,552.0,5.9,MWB,,,30.8,,,0.77,USP000E3WP,US,US,US,Reviewed
2005-11-11,14:58:50,-55.698,-27.063,Earthquake,28.8,14.8,143.0,5.9,MWB,,,44.3,,,0.82,USP000E3YV,US,US,US,Reviewed
2005-11-13,10:24:58,-3.1,128.944,Earthquake,20.0,0.0,242.0,5.9,MWB,,,38.4,,,0.91,USP000E42V,US,US,US,Reviewed
2005-11-14,21:38:51,38.107,144.896,Earthquake,11.0,,699.0,7.0,MWC,,,21.4,,,0.86,USP000E462,US,US,HRV,Reviewed
2005-11-15,20:20:46,33.336,141.351,Earthquake,15.9,,356.0,5.7,MWB,,,45.9,,,0.88,USP000E48R,US,US,US,Reviewed
2005-11-15,23:01:10,22.04,144.799,Earthquake,20.0,,206.0,5.7,MWC,,,38.7,,,0.9,USP000E48Y,US,US,HRV,Reviewed
2005-11-17,19:26:54,-22.361,-67.895,Earthquake,147.0,,509.0,6.8,MWB,,,30.1,,,0.9,USP000E4CY,US,US,US,Reviewed
2005-11-17,21:59:30,33.319,141.388,Earthquake,10.0,,212.0,5.7,MWC,,,58.8,,,0.84,USP000E4D7,US,US,HRV,Reviewed
2005-11-19,14:10:13,2.164,96.786,Earthquake,21.0,,358.0,6.5,MWB,,,20.7,,,0.98,USP000E4GH,US,US,US,Reviewed
2005-11-20,12:53:03,53.843,-164.093,Earthquake,30.0,,616.0,6.2,MWC,,,41.9,,,1.04,USP000E4J8,US,US,HRV,Reviewed
2005-11-21,00:19:42,-6.958,129.221,Earthquake,125.7,7.3,108.0,5.5,MWC,,,44.5,,,0.88,USP000E4M3,US,US,HRV,Reviewed
2005-11-21,15:36:31,31.019,129.997,Earthquake,145.0,,566.0,6.1,MWB,,,23.1,,,0.91,USP000E4NM,US,US,US,Reviewed
2005-11-22,09:48:46,-14.808,66.717,Earthquake,10.0,,258.0,5.6,MWC,,,40.1,,,1.08,USP000E4PU,US,US,HRV,Reviewed
2005-11-22,13:21:23,-60.726,-25.319,Earthquake,13.5,,119.0,5.5,MWC,,,49.3,,,1.23,USP000E4Q9,US,US,HRV,Reviewed
2005-11-22,15:09:25,53.929,-164.063,Earthquake,37.6,,401.0,5.7,MWC,,,105.3,,,0.89,USP000E4QC,US,US,HRV,Reviewed
2005-11-22,15:11:32,-5.154,145.284,Earthquake,68.0,,172.0,6.2,MWC,,,41.0,,,0.98,USP000E4QD,US,US,HRV,Reviewed
2005-11-23,19:33:45,50.073,147.704,Earthquake,631.9,,538.0,5.5,MWB,,,18.7,,,0.76,USP000E4SF,US,US,US,Reviewed
2005-11-24,10:46:38,-24.273,-176.313,Earthquake,35.0,,274.0,5.6,MWC,,,32.3,,,0.71,USP000E4TJ,US,US,HRV,Reviewed
2005-11-25,05:31:18,5.905,126.386,Earthquake,34.0,,190.0,5.8,MWC,,,42.4,,,1.19,USP000E4V7,US,US,HRV,Reviewed
2005-11-25,09:30:00,-25.814,-177.834,Earthquake,172.9,,195.0,5.5,MWC,,,35.1,,,0.77,USP000E4VM,US,US,HRV,Reviewed
2005-11-27,10:22:19,26.774,55.858,Earthquake,10.0,,637.0,5.9,MWC,,,25.0,,,1.06,USP000E501,US,US,HRV,Reviewed
2005-11-27,16:30:38,26.842,55.806,Earthquake,10.0,,416.0,5.5,MWC,,,45.5,,,1.13,USP000E513,US,US,HRV,Reviewed
2005-11-27,23:31:37,1.16,97.266,Earthquake,24.4,,193.0,5.6,MWB,,,40.0,,,0.78,USP000E51R,US,US,US,Reviewed
2005-11-28,03:28:13,-62.332,155.023,Earthquake,10.0,,89.0,5.7,MWB,,,28.7,,,1.32,USP000E529,US,US,US,Reviewed
2005-11-28,16:33:22,-29.31,-70.958,Earthquake,48.6,,170.0,5.5,MWC,,,39.8,,,0.92,USP000E53G,US,US,HRV,Reviewed
2005-11-28,16:41:28,20.29,146.055,Earthquake,11.0,,389.0,6.0,MWC,,,37.0,,,0.95,USP000E53H,US,US,HRV,Reviewed
2005-11-30,05:41:43,-9.672,-79.678,Earthquake,23.3,,105.0,5.5,MWC,,,81.1,,,1.12,USP000E57E,US,US,HRV,Reviewed
2005-11-30,16:53:42,6.27,124.029,Earthquake,13.0,,178.0,6.4,MWC,,,24.8,,,1.12,USP000E583,US,US,HRV,Reviewed
2005-12-01,03:08:40,-21.021,-179.105,Earthquake,644.7,,341.0,5.5,MWC,,,23.0,,,0.82,USP000E58X,US,US,HRV,Reviewed
2005-12-02,13:13:10,38.089,142.122,Earthquake,29.0,,464.0,6.5,MWC,,,48.8,,,0.79,USP000E5C8,US,US,HRV,Reviewed
2005-12-02,23:49:24,-21.444,169.895,Earthquake,10.0,,91.0,5.7,MWC,,,39.4,,,1.03,USP000E5CY,US,US,HRV,Reviewed
2005-12-03,16:10:40,29.338,130.29,Earthquake,26.0,,503.0,5.9,MWB,,,34.8,,,0.86,USP000E5EH,US,US,US,Reviewed
2005-12-03,20:38:12,12.19,141.008,Earthquake,10.0,,114.0,5.7,MWC,,,45.3,,,1.11,USP000E5F7,US,US,HRV,Reviewed
2005-12-05,05:59:46,-5.407,142.006,Earthquake,10.0,,83.0,5.5,MWB,,,28.8,,,1.03,USP000E5J7,US,US,US,Reviewed
2005-12-05,12:19:57,-6.224,29.83,Earthquake,22.0,,561.0,6.8,MWC,,,20.0,,,0.98,USP000E5JX,US,US,HRV,Reviewed
2005-12-07,23:32:52,-30.012,-177.637,Earthquake,21.0,,340.0,6.4,MWC,,,21.4,,,0.98,USP000E5RC,US,US,HRV,Reviewed
2005-12-08,09:01:27,-5.408,146.953,Earthquake,216.8,,431.0,6.1,MWB,,,21.1,,,0.85,USP000E5SC,US,US,US,Reviewed
2005-12-09,23:30:24,-6.176,29.709,Earthquake,10.0,,296.0,5.5,MWC,,,37.1,,,0.68,USP000E5W1,US,US,HRV,Reviewed
2005-12-10,08:24:13,-24.599,179.948,Earthquake,506.5,,184.0,5.6,MWC,,,25.2,,,1.02,USP000E5WX,US,US,HRV,Reviewed
2005-12-11,04:42:31,15.302,-45.862,Earthquake,10.0,,330.0,5.6,MWB,,,37.3,,,0.84,USP000E5YG,US,US,US,Reviewed
2005-12-11,05:55:13,-7.872,129.022,Earthquake,35.0,,223.0,5.5,MWC,,,43.6,,,0.93,USP000E5YJ,US,US,HRV,Reviewed
2005-12-11,06:26:35,15.272,-45.835,Earthquake,10.0,,276.0,5.7,MWB,,,34.9,,,0.99,USP000E5YP,US,US,US,Reviewed
2005-12-11,14:20:45,-6.584,152.223,Earthquake,17.0,,503.0,6.6,MWC,,,17.5,,,0.85,USP000E5ZD,US,US,HRV,Reviewed
2005-12-11,15:54:14,57.439,120.761,Earthquake,10.0,,495.0,5.6,MWC,,,30.9,,,0.76,USP000E5ZK,US,US,HRV,Reviewed
2005-12-11,16:23:36,14.018,120.717,Earthquake,201.6,,190.0,5.6,MWC,,,33.3,,,0.81,USP000E5ZN,US,US,HRV,Reviewed
2005-12-12,21:47:46,36.357,71.093,Earthquake,224.6,,529.0,6.5,MWB,,,20.5,,,0.81,USP000E61S,US,US,US,Reviewed
2005-12-13,03:16:06,-15.265,-178.571,Earthquake,10.0,,322.0,6.7,MWB,,,32.3,,,1.16,USP000E62C,US,US,US,Reviewed
2005-12-14,06:45:42,-14.596,167.928,Earthquake,10.0,,159.0,5.6,MWC,,,38.5,,,1.03,USP000E644,US,US,HRV,Reviewed
2005-12-16,10:24:59,12.252,-89.521,Earthquake,34.7,,234.0,5.7,MWC,,,57.0,,,1.09,USP000E689,US,US,HRV,Reviewed
2005-12-16,18:32:16,38.506,141.9,Earthquake,42.9,5.5,407.0,6.0,MWC,,,49.3,,,1.18,USP000E69B,US,US,HRV,Reviewed
2005-12-18,04:23:10,2.842,95.916,Earthquake,18.2,,133.0,5.7,MWB,,,40.1,,,1.16,USP000E6BS,US,US,US,Reviewed
2005-12-20,05:51:13,12.232,140.995,Earthquake,22.8,,196.0,6.1,MWB,,,40.6,,,0.89,USP000E6FW,US,US,US,Reviewed
2005-12-20,18:34:37,-25.484,179.484,Earthquake,527.7,,242.0,5.5,MWC,,,26.1,,,0.87,USP000E6GX,US,US,HRV,Reviewed
2005-12-21,07:09:05,-0.066,124.672,Earthquake,25.0,,380.0,6.3,MWC,,,40.3,,,0.99,USP000E6HT,US,US,HRV,Reviewed
2005-12-21,14:32:39,6.643,-82.755,Earthquake,7.0,,473.0,6.0,MWB,,,53.2,,,1.07,USP000E6JD,US,US,US,Reviewed
2005-12-22,04:28:24,-54.496,-135.659,Earthquake,10.0,,43.0,5.5,MWC,,,68.2,,,1.26,USP000E6KH,US,US,HRV,Reviewed
2005-12-22,12:20:03,-54.719,-135.868,Earthquake,10.0,,110.0,6.3,MWC,,,32.2,,,1.43,USP000E6M9,US,US,HRV,Reviewed
2005-12-23,21:47:28,-1.386,-77.517,Earthquake,192.9,,520.0,6.1,MWB,,,39.5,,,0.77,USP000E6QP,US,US,US,Reviewed
2005-12-26,13:48:02,26.822,140.646,Earthquake,7.4,,242.0,5.7,MWB,,,51.9,,,1.2,USP000E6YM,US,US,US,Reviewed
2005-12-30,18:26:44,7.529,-82.266,Earthquake,10.0,,420.0,6.1,MWB,,,50.1,,,0.96,USP000E786,US,US,US,Reviewed
